{
  "name": "3liza",
  "vendorId": "0xA68C",
  "productId": "0xC762",
  "lighting": "none",
  "matrix": { "rows": 4, "cols": 12 },
  "layouts": {
    "keymap": [
      [
        {
          "y": 0.65,
          "x": 0.7,
          "c": "#777777"
        },
        "0,0",
        {
          "c": "#cccccc"
        },
        "0,1",
        {
          "x": 8.95
        },
        "0,10",
        {
          "x": 1.7763568394002505e-15,
          "c": "#aaaaaa"
        },
        "0,11"
      ],
      [
        {
          "x": 0.55,
          "w": 1.25
        },
        "1,0",
        {
          "c": "#cccccc"
        },
        "1,1",
        {
          "x": 9.25,
          "c": "#777777",
          "w": 1.75
        },
        "1,11"
      ],
      [
        {
          "x": 0.35,
          "c": "#aaaaaa",
          "w": 1.75
        },
        "2,0",
        {
          "c": "#cccccc"
        },
        "2,1",
        {
          "x": 8.65
        },
        "2,10",
        {
          "w": 1.25
        },
        "2,11"
      ],
      [
        {
          "x": 0.55,
          "c": "#aaaaaa",
          "w": 1.5
        },
        "3,0",
        {
          "x": 10.25,
          "w": 1.5
        },
        "3,11"
      ],
      [
        {
          "r": 10,
          "y": -4.550000000000001,
          "x": 2.95,
          "c": "#cccccc"
        },
        "0,2"
      ],
      [
        {
          "y": -0.9999999999999997,
          "x": 3.95
        },
        "0,3"
      ],
      [
        {
          "y": -1,
          "x": 4.95
        },
        "0,4",
        "0,5"
      ],
      [
        {
          "x": 3.2
        },
        "1,2",
        "1,3",
        "1,4",
        "1,5"
      ],
      [
        {
          "x": 3.7
        },
        "2,2",
        "2,3",
        "2,4",
        "2,5"
      ],
      [
        {
          "x": 3.45,
          "c": "#aaaaaa",
          "w": 1.25
        },
        "3,2",
        {
          "c": "#cccccc",
          "w": 2.75
        },
        "3,4"
      ],
      [
        {
          "r": -10,
          "y": -1.4499999999999997,
          "x": 7.2
        },
        "0,6",
        "0,7",
        "0,8",
        "0,9"
      ],
      [
        {
          "x": 7.45
        },
        "1,6",
        "1,7",
        "1,8",
        "1,9"
      ],
      [
        {
          "x": 6.95
        },
        "2,6",
        "2,7",
        "2,8",
        "2,9"
      ],
      [
        {
          "x": 7.2,
          "w": 2.25
        },
        "3,7",
        {
          "c": "#aaaaaa",
          "w": 1.25
        },
        "3,9"
      ]
    ]
  }
}
